id;first_name;middle_name;last_name;position;ktp;ktp_exp_date;npwp;npwp_reg_date;passport;passport_exp_date;kitas;kitas_exp_date;create_system_date;create_date;create_user_id;last_modification_system_date;last_modification_date;last_modification_user_id
1;Rylee;extend Interactions;Collier;Licensed withdrawal Quality;markets Extended programm;2019-11-27;Forward;2019-11-26;withdrawal withdrawal Dis;2019-11-26;Personal Loan Account;2019-11-27;2019-11-26;2019-11-26T21:34:05;88245;2019-11-27;2019-11-27T07:28:23;73743
2;Yadira;bandwidth Small Steel Computer;Rodriguez;deposit primary Small;Optimization;2019-11-26;web-enabled wor;2019-11-27;reboot invoice grey;2019-11-27;Awesome invoice;2019-11-26;2019-11-27;2019-11-27T03:38:56;42429;2019-11-27;2019-11-27T08:01:37;8217
3;Jordane;Product 1080p Pre-emptive;Wolf;Djibouti Franc Music;Money Market Account;2019-11-26;invoice;2019-11-26;Unbranded Frozen Gloves b;2019-11-27;Executive Investment Account;2019-11-26;2019-11-26;2019-11-26T16:03:22;52076;2019-11-26;2019-11-26T19:12:50;65647
4;Carlo;Incredible Wooden Sausages;Metz;Fantastic;architectures niches;2019-11-26;Response;2019-11-27;Metal tan TCP;2019-11-26;multi-tasking copying SCSI;2019-11-26;2019-11-27;2019-11-26T11:57:21;54401;2019-11-27;2019-11-26T18:44:39;75504
5;Dallas;Facilitator input;Lynch;Tuna Intelligent Plastic Towels parse;Operations;2019-11-27;Computer Metal ;2019-11-26;tan Avon copying;2019-11-26;Saint Lucia Pennsylvania;2019-11-26;2019-11-26;2019-11-27T02:52:07;10593;2019-11-26;2019-11-27T06:22:20;68888
6;Augustus;New York PNG initiatives;Crooks;Alabama open-source;circuit Engineer Intellig;2019-11-27;bluetooth orang;2019-11-26;Home Loan Account magenta;2019-11-26;Macedonia Sports;2019-11-26;2019-11-26;2019-11-27T09:09:44;83268;2019-11-26;2019-11-27T09:44:42;20248
7;Nellie;navigate Croatian Kuna hack;Spinka;Trail;Liaison 24/365;2019-11-26;application SSL;2019-11-26;reintermediate;2019-11-27;Costa Rican Colon;2019-11-27;2019-11-27;2019-11-26T19:08:23;16688;2019-11-27;2019-11-27T05:39:29;79419
8;Gianni;engage;Swift;Borders protocol;Idaho;2019-11-26;Arizona Investm;2019-11-26;3rd generation copying;2019-11-26;Rustic Handcrafted Plastic Fis;2019-11-26;2019-11-26;2019-11-26T17:01:32;20984;2019-11-26;2019-11-26T14:12:25;51726
9;Josie;enable Plastic;Rice;Cloned architect;Auto Loan Account;2019-11-26;Producer Paradi;2019-11-26;withdrawal digital;2019-11-27;methodologies calculating scal;2019-11-26;2019-11-26;2019-11-26T19:54:13;20293;2019-11-27;2019-11-26T20:26:12;36223
10;Wilfrid;Chair Netherlands Antillian Guilder;McDermott;Indiana Denar Paradigm;Brand systematic eyeballs;2019-11-26;indexing turquo;2019-11-26;View Buckinghamshire;2019-11-27;Small circuit;2019-11-26;2019-11-26;2019-11-26T23:31:32;78021;2019-11-26;2019-11-27T09:50:28;76551
