id;image;image_content_type;image_code;create_system_date;create_date;create_user_id;last_modification_system_date;last_modification_date;last_modification_user_id
1;../fake-data/blob/hipster.png;image/png;Seychelles Rupee Tasty Cotton Keyboard;2019-11-26;2019-11-27T03:24:59;16520;2019-11-27;2019-11-27T00:39:11;42182
2;../fake-data/blob/hipster.png;image/png;metrics Dynamic port;2019-11-26;2019-11-26T17:49:10;30937;2019-11-27;2019-11-26T14:14:21;71842
3;../fake-data/blob/hipster.png;image/png;Creative driver THX;2019-11-27;2019-11-27T08:46:57;71757;2019-11-27;2019-11-26T14:06:00;5952
4;../fake-data/blob/hipster.png;image/png;Auto Loan Account;2019-11-26;2019-11-27T03:50:57;11448;2019-11-26;2019-11-27T00:47:52;80035
5;../fake-data/blob/hipster.png;image/png;withdrawal Rustic;2019-11-26;2019-11-26T23:57:19;54958;2019-11-26;2019-11-26T12:24:09;7100
6;../fake-data/blob/hipster.png;image/png;Incredible out-of-the-box;2019-11-26;2019-11-27T00:06:21;66857;2019-11-26;2019-11-26T17:43:19;64645
7;../fake-data/blob/hipster.png;image/png;HDD Checking Account;2019-11-26;2019-11-26T18:44:37;13887;2019-11-26;2019-11-27T07:13:56;61257
8;../fake-data/blob/hipster.png;image/png;GB;2019-11-26;2019-11-26T18:42:03;12055;2019-11-26;2019-11-26T12:21:04;52999
9;../fake-data/blob/hipster.png;image/png;connecting;2019-11-26;2019-11-27T06:35:55;82001;2019-11-27;2019-11-26T17:19:58;42203
10;../fake-data/blob/hipster.png;image/png;heuristic Avon;2019-11-26;2019-11-27T00:25:30;4373;2019-11-26;2019-11-27T07:03:28;80802
