id;address_type;address_1;address_2;address_3;postal_code;phone;mobile_phone;email;fax;country_id;province_id;city_id;create_system_date;create_date;create_user_id;last_modification_system_date;last_modification_date;last_modification_user_id
1;J;JBOD attitude-oriented maroon;bluetooth orange Saint Barthelemy;generating Savings Account Indian Rupee;hapti;878-087-0279;cross-platform pricing structu;Janice_Terry@gmail.com;24/365;44861;64336;72207;2019-10-27;2019-10-27T10:35:49;21720;2019-10-27;2019-10-28T04:33:28;39152
2;s;Kids;e-business;evolve engage RSS;payme;750.646.5862 x083;deposit Car;Estevan_Rodriguez70@hotmail.com;neural;51726;52029;44019;2019-10-27;2019-10-28T04:19:36;12237;2019-10-27;2019-10-27T14:12:48;43401
3;F;Generic Soft Fish;Producer Paradigm deposit;payment Buckinghamshire;Metal;987-375-9521 x539;Chair Netherlands Antillian Gu;Ricky69@yahoo.com;Paradigm solid state;5613;25929;85272;2019-10-27;2019-10-28T02:27:09;87273;2019-10-27;2019-10-27T11:39:33;46173
4;S;View Buckinghamshire;deposit;circuit;Distr;701-261-1379;Ville Movies;Anais3@gmail.com;content-based;27561;90625;78712;2019-10-28;2019-10-27T08:28:11;27194;2019-10-27;2019-10-27T13:38:24;42888
5;s;Cambridgeshire;Ergonomic Rubber Salad;Plastic Gambia;navig;076-591-5893;navigating;Devante.Mueller98@hotmail.com;Customizable payment mint gree;56533;33826;46393;2019-10-28;2019-10-27T08:32:15;94703;2019-10-27;2019-10-27T08:38:57;34950
6;S;program;Cloned quantifying;Macedonia Executive;AI;1-507-755-6024 x8441;Branding;Crystel46@hotmail.com;vortals payment Finland;6227;78697;51250;2019-10-28;2019-10-27T12:30:43;35597;2019-10-27;2019-10-27T08:23:32;5195
7;o;Gibraltar;input Andorra yellow;invoice Pizza Enterprise-wide;Park ;500-439-2534;Fantastic withdrawal navigatin;Augustine_Ryan@yahoo.com;mint green;52332;9403;28713;2019-10-27;2019-10-27T12:50:13;75748;2019-10-27;2019-10-28T01:13:51;63458
8;b;azure Global;Table Kwacha;Gloves Auto Loan Account customized;clien;013-876-8134;Personal Loan Account Refined ;Myrtle96@hotmail.com;supply-chains Liaison Saint He;63467;32301;16595;2019-10-27;2019-10-27T10:41:58;97978;2019-10-27;2019-10-27T16:07:06;16223
9;C;Sleek Clothing;Dynamic Fantastic matrix;cutting-edge;progr;1-177-394-9864 x332;transmitting FTP;Chadrick.Flatley82@yahoo.com;Handmade;23987;42011;14197;2019-10-27;2019-10-27T23:30:54;73967;2019-10-27;2019-10-28T03:16:31;74882
10;w;bus online;Engineer deposit Soft;Incredible open architecture Movies;Mouse;020-636-8523 x32007;systems;Trever.Turner76@hotmail.com;primary invoice multimedia;90719;87422;67073;2019-10-28;2019-10-27T18:24:54;16908;2019-10-28;2019-10-27T22:30:40;44705
