id;created_by;otp_created_date;otp_expired_date;member_email;phone_number;proc_type;token_text;token;retry_count;retry_max;request_data;request_data_content_type;create_system_date;create_date;create_user_id;last_modification_system_date;last_modification_date;last_modification_user_id
1;37454;2019-11-26T14:53:34;2019-11-26T11:11:34;application;Savings Account Dam;9997;Trace;Savings Account alarm;2058;5641;../fake-data/blob/hipster.png;image/png;2019-11-26;2019-11-26T16:40:55;83244;2019-11-26;2019-11-27T04:54:49;77
2;18182;2019-11-26T10:11:49;2019-11-27T05:36:29;methodology Albania;Home Namibia;39986;Gorgeous Frozen Pants;Common;78517;61838;../fake-data/blob/hipster.png;image/png;2019-11-27;2019-11-27T00:49:50;51423;2019-11-26;2019-11-26T19:47:31;46676
3;4645;2019-11-26T13:22:17;2019-11-26T19:25:43;Table Small Frozen Sausages Planner;envisioneer Music Public-key;24102;Bahamian Dollar Investment Account;Games Regional Digitized;66252;75536;../fake-data/blob/hipster.png;image/png;2019-11-27;2019-11-26T23:48:22;52006;2019-11-27;2019-11-26T20:53:19;56770
4;18485;2019-11-27T09:15:29;2019-11-26T10:44:24;connect Markets Chief;capacitor archive;57044;Aruba;software scale interactive;82873;58675;../fake-data/blob/hipster.png;image/png;2019-11-27;2019-11-26T10:50:38;28093;2019-11-26;2019-11-26T20:59:06;27599
5;14092;2019-11-27T02:53:57;2019-11-26T14:45:26;Small;deliverables reinvent 24 hour;1407;magenta monitor 1080p;Unbranded Plastic Tuna Frozen;86310;85003;../fake-data/blob/hipster.png;image/png;2019-11-26;2019-11-26T23:13:23;33089;2019-11-27;2019-11-27T08:29:03;37081
6;31098;2019-11-26T17:57:27;2019-11-27T02:12:19;pixel withdrawal;Mississippi embrace Developer;84891;hard drive Robust Networked;Poland;42754;11089;../fake-data/blob/hipster.png;image/png;2019-11-27;2019-11-26T23:27:56;10789;2019-11-27;2019-11-27T09:15:19;89576
7;63641;2019-11-26T22:36:03;2019-11-27T02:27:55;Buckinghamshire Corporate;Investment Account;53984;white Brand Money Market Account;Salad Web virtual;63340;10549;../fake-data/blob/hipster.png;image/png;2019-11-26;2019-11-26T23:03:11;80367;2019-11-27;2019-11-27T05:31:55;41650
8;89255;2019-11-26T12:48:40;2019-11-26T21:03:56;back-end;granular Direct contextually-based;64769;Jewelery cutting-edge;Games;51074;53408;../fake-data/blob/hipster.png;image/png;2019-11-26;2019-11-26T22:22:26;22210;2019-11-26;2019-11-27T07:07:58;26941
9;33761;2019-11-27T04:09:02;2019-11-26T11:22:48;conglomeration;Oklahoma facilitate;6489;Versatile Exclusive Moroccan Dirham;capability zero tolerance Computers;60956;97661;../fake-data/blob/hipster.png;image/png;2019-11-26;2019-11-27T00:08:41;5147;2019-11-27;2019-11-27T03:19:20;34507
10;90826;2019-11-26T18:47:07;2019-11-27T04:15:37;Granite Berkshire Designer;Credit Card Account;8085;24/7 Re-contextualized cross-platform;invoice withdrawal;53577;81643;../fake-data/blob/hipster.png;image/png;2019-11-27;2019-11-26T14:50:58;83530;2019-11-27;2019-11-27T02:18:40;50819
